{"n_estimators": 188, "learning_rate": 0.021578992019283802, "max_depth": 11, "min_samples_split": 13, "min_samples_leaf": 8, "max_features": 0.22733244274494147}