{"n_estimators": 143, "learning_rate": 0.017876949339318857, "max_depth": 12, "min_samples_split": 19, "min_samples_leaf": 10, "max_features": 0.3444282296052409}